id,N,final_answer,correct,variance
q1,1,10,False,1.0
q1,5,def apple_problem():,False,1.0
q1,10,complete detailed textbook-level python code solutions:,False,1.0
q2,1,a possible solution is:,False,1.0
q2,5,the baker needs 8 boxes to pack the cookies.,True,0.75
q2,10,<|question_end|>answer: step 1: divide the total number of cookies (48) by the number of cookies in each box (6).,False,0.6
q3,1,180 miles,True,1.0
q3,5,the car goes 180 miles.,True,0.75
q3,10,180 miles,True,0.5555555555555556
q4,1,,False,0.0
q4,5,complete detailed textbook-level python code solutions,False,1.0
q4,10,complete detailed textbook-level python code solutions,False,0.5
q5,1,the perimeter of the rectangle is 34 cm.,True,1.0
q5,5,the perimeter of the rectangle is 34 cm.,True,0.5
q5,10,the perimeter of the rectangle is 34 cm.,True,0.25
q6,1,one pencil costs $2.,True,1.0
q6,5,complete detailed textbook-level python code solutions,False,1.0
q6,10,one pencil costs $2.,True,1.0
q7,1,,False,0.0
q7,5,complete detailed textbook-level python code solutions,False,1.0
q7,10,"to solve this problem, we need to subtract the number of marbles tom lost from the total number of marbles he had after receiving some from his friend. let's break it down into steps:",False,1.0
q8,1,,False,0.0
q8,5,,False,0.0
q8,10,,False,0.0
q9,1,,False,0.0
q9,5,"to solve this problem, we need to follow the order of operations (pemdas/bodmas). first, let's perform the subtraction inside the parentheses:",False,1.0
q9,10,"to solve this problem, we need to follow the order of operations (pemdas/bodmas). first, let's perform the subtraction: 100 - 17 = 83. then, we can proceed with the division: 83 ÷ 3 = 27.67. therefore, the final answer is approximately 27.67.",False,1.0
q10,1,,False,0.0
q10,5,complete detailed textbook-level python code solutions,False,1.0
q10,10,complete detailed textbook-level python code solutions,False,0.5
q11,1,25,True,1.0
q11,5,"the average of 10, 20, 30, and 40 is 25.",False,0.75
q11,10,"the average of 10, 20, 30, and 40 is 25.",False,0.6
q12,1,,False,0.0
q12,5,5/8,False,1.0
q12,10,5/8,False,0.75
q13,1,,False,0.0
q13,5,the journey took 360 minutes.,False,1.0
q13,10,105 minutes,False,0.6
q14,1,,False,0.0
q14,5,,False,0.0
q14,10,"to solve this problem, we can set up a proportion to find the cost of 8 toys. let's call the cost of 8 toys ""x"". we know that 5 toys cost $45, so we can write the proportion as:",False,1.0
q15,1,the perimeter of the triangle is 24 units.,True,1.0
q15,5,the perimeter of the triangle is 24 units.,True,0.3333333333333333
q15,10,the perimeter of the triangle is 24 units.,True,0.4
q16,1,<question_end|>answer: step 1: multiply 12 by 3 to get 36.,False,1.0
q16,5,<|question_end|>,False,1.0
q16,10,"to solve this problem, we need to follow the given steps in order. first, we triple 12 which gives us 36. then, we subtract 20 from 36. finally, we find the final answer. let's calculate it step by step:",False,1.0
q17,1,,False,0.0
q17,5,,False,0.0
q17,10,,False,0.0
q18,1,all roses are not necessarily red because there may be other colors of flowers besides red.,False,1.0
q18,5,all roses are not necessarily red because it is possible for there to be non-red roses among the flowers. the given information only establishes a relationship between roses and red flowers but does not guarantee that all roses are red.,False,1.0
q18,10,all roses are not necessarily red because there could be other types of flowers that are also red but not roses.,False,1.0
q19,1,mike is the shortest.,False,1.0
q19,5,mike is the shortest.,False,0.4
q19,10,mike is the shortest.,False,0.4
q20,1,"it did not necessarily rain if the ground was wet because there could be other reasons for the ground to get wet, such as watering or a spilled drink. therefore, we cannot conclude that it rained just because the ground is wet.",False,1.0
q20,5,the argument is deductively valid. let's analyze the premises and conclusion step by step.,False,1.0
q20,10,"it did not necessarily rain because there could be other reasons for the ground to get wet, such as sprinklers or a spilled drink. therefore, we cannot conclude that it rained based on the given information.",False,1.0
q21,1,the next number in the sequence is 32.,True,1.0
q21,5,the next number in the sequence is 32.,True,0.6
q21,10,the next number in the sequence is 32.,True,0.7777777777777778
q22,1,"no, some animals are not cats because if no cats are dogs and all dogs are animals, then it follows that there cannot be any overlap between the categories of ""animals"" and ""cats."" therefore, it is impossible for some animals to also be cats.",False,1.0
q22,5,"no, some animals are not cats.",False,1.0
q22,10,some animals are not cats.,False,0.7
q23,1,<|question_end|>answer: 1. let's start by finding the difference between each pair of consecutive numbers in the sequence:,False,1.0
q23,5,<|question_end|>answer: 1. rearrange the equation to solve for d: d = (a + b) / c.,False,1.0
q23,10,d = 12,True,0.7777777777777778
q24,1,monday,False,1.0
q24,5,wednesday,False,0.6
q24,10,wednesday,False,0.5
q25,1,,False,0.0
q25,5,complete detailed textbook-level solution to question 7:,False,1.0
q25,10,you are now in first place.,False,0.8
q26,1,,False,0.0
q26,5,let's assume that the time taken for 100 machines to make 100 widgets is t minutes. we can set up a proportion based on the given information:,False,1.0
q26,10,10 minutes,False,1.0
q27,1,complete detailed textbook-level python code solutions,False,1.0
q27,5,true,True,1.0
q27,10,"the solution to the logical reasoning problem is that if a > b and b > c, then it can be concluded that a > c. this is because transitivity in mathematics states that if one number is greater than a second number, and the second number is greater than a third number, then the first number must also be greater than the third number. therefore, if a > b and b > c, we can logically deduce that a > c based on the transitive property of inequality",False,1.0
q28,1,triangle,True,1.0
q28,5,the next shape in the pattern is a triangle.,False,0.8
q28,10,the next shape in the pattern is a triangle.,False,0.7
q29,1,penguins cannot fly as not all birds can fly.,False,1.0
q29,5,false,False,0.6666666666666666
q29,10,false,False,0.7
q30,1,"the missing letter is e. the pattern in the sequence is that each letter represents a different vowel sound (a, e, i, o, u). so, the missing letter would be the next vowel sound, which is e. therefore, the missing letter in the sequence is e.",False,1.0
q30,5,b,False,0.75
q30,10,a,False,0.9
q31,1,,False,0.0
q31,5,,False,0.0
q31,10,<solution>,False,1.0
q32,1,,False,0.0
q32,5,36,False,1.0
q32,10,36,False,1.0
q33,1,,False,0.0
q33,5,rewrite:,False,1.0
q33,10,"the word is ""door"".",False,0.7777777777777778
q34,1,''',False,1.0
q34,5,<|question_end|>answer: let x be the cost of the ball.,False,1.0
q34,10,complete detailed textbook-level python code solutions,False,1.0
q35,1,complete detailed textbook-level python code solutions,False,1.0
q35,5,complete detailed textbook-level python code solutions:,False,0.5
q35,10,let's break down the problem into steps:,False,1.0
q36,1,,False,0.0
q36,5,,False,0.0
q36,10,complete detailed textbook-level python code solutions,False,1.0
q37,1,,False,0.0
q37,5,250 liters of water remain in the tank.,False,1.0
q37,10,250 liters,False,1.0
q38,1,,False,0.0
q38,5,,False,0.0
q38,10,complete detailed textbook-level solutions,False,1.0
q39,1,,False,0.0
q39,5,"to make 30 cookies, you need 5 cups of flour.",False,1.0
q39,10,,False,0.0
q40,1,,False,0.0
q40,5,,False,0.0
q40,10,,False,0.0
q41,1,the number of books sold is,False,1.0
q41,5,let's solve the problem step by step:,False,1.0
q41,10,,False,0.0
q42,1,,False,0.0
q42,5,the cyclist covers a total distance of 75 kilometers.,False,1.0
q42,10,the cyclist covers a total distance of 105 kilometers.,False,1.0
q43,1,,False,0.0
q43,5,"to solve this problem, we can use the principle of inclusion-exclusion. let's denote the number of students who play soccer as s, the number of students who play basketball as b, and the number of students who play both sports as ab. we are given that s = 18, b = 12, and ab = 5. the total number of students in the class is 30.",False,1.0
q43,10,,False,0.0
q44,1,"the final price of the phone after both discounts is $<<final_price=<<calculate_final_price(600, 0.25, 0.10)>>.",False,1.0
q44,5,$450,False,1.0
q44,10,the final price of the phone after both discounts is $<final_price>.,False,1.0
q45,1,,False,0.0
q45,5,,False,0.0
q45,10,,False,0.0
q46,1,,False,0.0
q46,5,let's denote the tank's capacity as c and the time taken to fill as t. we can set up two equations based on the given information:,False,1.0
q46,10,let's assume that the tank's capacity is x liters.,False,1.0
q47,1,,False,0.0
q47,5,,False,0.0
q47,10,,False,0.0
q48,1,,False,0.0
q48,5,the total cost of renting a car for 3 days at $40 per day plus driving 200 miles at $0.25 per mile is calculated as follows:,False,1.0
q48,10,the total cost of renting a car for 3 days and driving 200 miles would be,False,1.0
q49,1,complete detailed textbook-level solutions,False,1.0
q49,5,complete detailed textbook-level solutions,False,1.0
q49,10,complete detailed textbook-level python code solutions,False,0.75
q50,1,,False,0.0
q50,5,let's first find out how much water each pipe can fill up in 15 minutes.,False,1.0
q50,10,the pool has a volume of,False,1.0
